sample_id,site_id,Total_Power,qW
1,4,7247491.41,0.69
2,4,7119352.9,0.67
3,4,7148342.69,0.68
4,4,7317998.83,0.69
5,4,6925096.49,0.65
6,4,6837164.16,0.65
7,4,7203215.35,0.68
8,4,7114404.32,0.67
9,4,7296167.56,0.69
10,4,7174288.51,0.68
11,4,7191985.15,0.68
12,4,7211293.93,0.68
13,4,7188806.03,0.68
14,4,6890688.12,0.65
15,4,7001135.19,0.66
16,4,7126065.74,0.67
17,4,7229854.44,0.68
18,4,7104965.1,0.67
19,4,7309508.07,0.69
20,4,7011057.93,0.66
21,4,7137700.87,0.67
22,4,7149866.79,0.68
23,4,7219255.31,0.68
24,4,7340181.92,0.69
25,4,7285926.27,0.69
26,4,7255977.16,0.69
27,4,6972850.26,0.66
28,4,7287638.58,0.69
29,4,6916100.49,0.65
30,4,7240286.34,0.68
31,4,7227849.61,0.68
32,4,6873039.21,0.65
33,4,7177688.67,0.68
34,4,6948413.06,0.66
35,4,7188534.9,0.68
36,4,7143364.79,0.68
37,4,7281977.92,0.69
38,4,7227849.61,0.68
39,4,7225508.55,0.68
40,4,7092366.94,0.67
41,4,7164199.25,0.68
42,4,7171319.59,0.68
43,4,7273221.14,0.69
44,4,7201846.69,0.68
45,4,7217344.09,0.68
46,4,7240286.34,0.68
47,4,7134456.12,0.67
48,4,7236126.67,0.68
49,4,6950701.22,0.66
50,4,7138675.56,0.67
51,4,7021893.97,0.66
52,4,7170260.27,0.68
53,4,7277877.85,0.69
54,4,7268593.01,0.69
55,4,7242571.1,0.68
56,4,7011044.43,0.66
57,4,6985110.76,0.66
58,4,7273697.9,0.69
59,4,7372390.8,0.7
60,4,7185633.31,0.68
61,4,7037473.86,0.67
62,4,7285989.82,0.69
63,4,7092685.69,0.67
64,4,7004229.04,0.66
65,4,7175360.77,0.68
66,4,7182444.77,0.68
67,4,7255977.16,0.69
68,4,7087726.27,0.67
69,4,7188806.03,0.68
70,4,7240286.34,0.68
71,4,6903224.37,0.65
72,4,7073175.06,0.67
73,4,7175355.57,0.68
74,4,7051972.94,0.67
75,4,7179426.56,0.68
76,4,7234646.34,0.68
77,4,7162933.33,0.68
78,4,7119438.43,0.67
79,4,7267020.92,0.69
80,4,6945796.89,0.66
81,4,7276371.11,0.69
82,4,7231578.24,0.68
83,4,7241216.43,0.68
84,4,7258766.2,0.69
85,4,7119434.21,0.67
86,4,7240062.07,0.68
87,4,7090435.6,0.67
88,4,7263608.56,0.69
89,4,7224081.32,0.68
90,4,7044015.88,0.67
91,4,7182720.34,0.68
92,4,7228416.64,0.68
93,4,7137413.54,0.67
94,4,7126309.38,0.67
95,4,7129527.02,0.67
96,4,7155565.37,0.68
97,4,7227849.61,0.68
98,4,7168815.45,0.68
99,4,7175360.77,0.68
100,4,7162324.28,0.68
101,4,7234606.41,0.68
102,4,7164299.26,0.68
103,4,7128918.54,0.67
104,4,7231094.33,0.68
105,4,7149866.79,0.68
106,4,7150482.96,0.68
107,4,7303589.25,0.69
108,4,7227425.45,0.68
109,4,7251418.04,0.69
110,4,7222249.82,0.68
111,4,7059011.9,0.67
112,4,7263504.94,0.69
113,4,7149460.6,0.68
114,4,7266566.44,0.69
115,4,7234646.34,0.68
116,4,7061777.28,0.67
117,4,7207632.36,0.68
118,4,7249793.25,0.69
119,4,6985129.55,0.66
120,4,7152467.84,0.68
121,4,7056531.19,0.67
122,4,7141536.33,0.68
123,4,7205901.58,0.68
124,4,7144971.17,0.68
125,4,7000561.8,0.66
126,4,6858658.19,0.65
127,4,7225099.26,0.68
128,4,7178962.84,0.68
129,4,7276371.11,0.69
130,4,7080315.86,0.67
131,4,7227849.61,0.68
132,4,6926656.17,0.65
133,4,7211293.93,0.68
134,4,7204432.4,0.68
135,4,7121221.94,0.67
136,4,7303589.25,0.69
137,4,7113439.39,0.67
138,4,7168407.82,0.68
139,4,7291462.52,0.69
140,4,7244392.76,0.68
141,4,7244392.76,0.68
142,4,7216360.14,0.68
143,4,7215804.98,0.68
144,4,7204305.58,0.68
145,4,7309508.07,0.69
146,4,7211815.76,0.68
147,4,7247859.63,0.69
148,4,6826592.37,0.65
149,4,7143725.83,0.68
150,4,7140618.58,0.67
151,4,7204305.58,0.68
152,4,7192544.71,0.68
153,4,6993715.52,0.66
154,4,7192426.69,0.68
155,4,7153337.38,0.68
156,4,7096067.01,0.67
157,4,7189579.46,0.68
158,4,7269399.71,0.69
159,4,7184849.63,0.68
160,4,7218399.91,0.68
161,4,7006410.88,0.66
162,4,7168192.78,0.68
163,4,7219894.57,0.68
164,4,6993053.5,0.66
165,4,7176971.83,0.68
166,4,7049774.32,0.67
167,4,7129228.75,0.67
168,4,7098960.96,0.67
169,4,7255981.31,0.69
170,4,7295577.63,0.69
171,4,7140853.0,0.68
172,4,7126146.81,0.67
173,4,7094498.37,0.67
174,4,7231756.31,0.68
175,4,7185115.84,0.68
176,4,6866615.66,0.65
177,4,7119812.79,0.67
178,4,7244027.42,0.68
179,4,7273423.64,0.69
180,4,7285989.82,0.69
181,4,6788688.81,0.64
182,4,7208361.06,0.68
183,4,7181872.78,0.68
184,4,7258766.2,0.69
185,4,7240286.34,0.68
186,4,7377669.09,0.7
187,4,6963245.9,0.66
188,4,7235233.86,0.68
189,4,7215409.01,0.68
190,4,7250720.18,0.69
191,4,7126065.74,0.67
192,4,7017084.05,0.66
193,4,7126065.74,0.67
194,4,7199316.57,0.68
195,4,7269399.71,0.69
196,4,7221650.2,0.68
197,4,7262821.25,0.69
198,4,7177501.64,0.68
199,4,7180496.54,0.68
200,4,7068001.2,0.67
201,4,7240335.55,0.68
202,4,7176971.83,0.68
203,4,7226942.26,0.68
204,4,7153904.73,0.68
205,4,7133928.93,0.67
206,4,7243884.96,0.68
207,4,7202064.95,0.68
208,4,7088370.91,0.67
209,4,7235951.61,0.68
210,4,7239004.85,0.68
211,4,6949587.13,0.66
212,4,7089735.46,0.67
213,4,7267081.51,0.69
214,4,7073152.55,0.67
215,4,7175360.77,0.68
216,4,7226226.76,0.68
217,4,7240286.34,0.68
218,4,7191985.15,0.68
219,4,7230668.86,0.68
220,4,7133736.26,0.67
221,4,7122474.01,0.67
222,4,7082160.02,0.67
223,4,7013626.34,0.66
224,4,7266455.15,0.69
225,4,7149866.79,0.68
226,4,7171319.59,0.68
227,4,7171816.69,0.68
228,4,7175360.77,0.68
229,4,7018540.37,0.66
230,4,6862121.8,0.65
231,4,6995884.51,0.66
232,4,6997015.76,0.66
233,4,7227849.61,0.68
234,4,7276571.95,0.69
235,4,7219613.46,0.68
236,4,7254616.45,0.69
237,4,7235657.47,0.68
238,4,7253989.26,0.69
239,4,7176789.23,0.68
240,4,7092338.34,0.67
241,4,7123304.42,0.67
242,4,7126065.74,0.67
243,4,7090798.99,0.67
244,4,7226630.27,0.68
245,4,7176905.33,0.68
246,4,7276371.11,0.69
247,4,7217552.07,0.68
248,4,7036299.17,0.67
249,4,6944839.21,0.66
250,4,7082012.41,0.67
251,4,7211293.93,0.68
252,4,7234646.34,0.68
253,4,6936073.82,0.66
254,4,7211815.76,0.68
255,4,7223098.78,0.68
256,4,7217552.07,0.68
257,4,7066726.42,0.67
258,4,7338190.64,0.69
259,4,7276371.11,0.69
260,4,7213336.4,0.68
261,4,7208502.65,0.68
262,4,7196856.98,0.68
263,4,7164299.26,0.68
264,4,6930742.96,0.66
265,4,7258329.06,0.69
266,4,7173366.59,0.68
267,4,7303589.25,0.69
268,4,7041698.97,0.67
269,4,7258766.2,0.69
270,4,7270671.54,0.69
271,4,7259659.94,0.69
272,4,7196685.51,0.68
273,4,7189855.61,0.68
274,4,7282181.99,0.69
275,4,7064037.27,0.67
276,4,7140144.17,0.67
277,4,7130979.38,0.67
278,4,7039359.3,0.67
279,4,7285989.82,0.69
280,4,7284259.13,0.69
281,4,7189006.88,0.68
282,4,7258766.2,0.69
283,4,7290589.36,0.69
284,4,7273423.64,0.69
285,4,7170336.77,0.68
286,4,7291462.52,0.69
287,4,7095759.72,0.67
288,4,7196856.98,0.68
289,4,7075810.52,0.67
290,4,7278244.89,0.69
291,4,7196275.47,0.68
292,4,7273956.56,0.69
293,4,7039243.37,0.67
294,4,7276371.11,0.69
295,4,7211926.21,0.68
296,4,7285887.05,0.69
297,4,6984020.08,0.66
298,4,7231756.31,0.68
299,4,7085879.64,0.67
300,4,7347466.76,0.69
301,4,7181840.97,0.68
302,4,7166205.31,0.68
303,4,7240373.72,0.68
304,4,7043994.7,0.67
305,4,7272876.36,0.69
306,4,7064304.88,0.67
307,4,7229868.49,0.68
308,4,7267081.51,0.69
309,4,7276571.95,0.69
310,4,7297280.11,0.69
311,4,7266455.15,0.69
312,4,7090199.04,0.67
313,4,7153092.01,0.68
314,4,7251418.04,0.69
315,4,7177688.67,0.68
316,4,7222707.41,0.68
317,4,7258766.2,0.69
318,4,6814552.39,0.64
319,4,7243022.08,0.68
320,4,7120870.57,0.67
321,4,6927411.53,0.65
322,4,7262196.93,0.69
323,4,7266459.29,0.69
324,4,7213336.4,0.68
325,4,7227849.61,0.68
326,4,7208172.64,0.68
327,4,7304092.54,0.69
328,4,7276571.95,0.69
329,4,7258766.2,0.69
330,4,7253453.54,0.69
331,4,7317559.75,0.69
332,4,7278015.99,0.69
333,4,7006157.38,0.66
334,4,7202064.95,0.68
335,4,7205209.4,0.68
336,4,6983002.96,0.66
337,4,7018640.04,0.66
338,4,7234646.34,0.68
339,4,7127434.61,0.67
340,4,7273180.71,0.69
341,4,7149460.6,0.68
342,4,7146937.35,0.68
343,4,7069896.01,0.67
344,4,7022099.1,0.66
345,4,7241216.43,0.68
346,4,7176695.68,0.68
347,4,6506096.43,0.62
348,4,7348071.55,0.69
349,4,7007826.68,0.66
350,4,7057254.12,0.67
351,4,7342872.39,0.69
352,4,7266566.44,0.69
353,4,7083075.63,0.67
354,4,7142953.59,0.68
355,4,7154315.97,0.68
356,4,7351767.12,0.69
357,4,6947292.86,0.66
358,4,7224819.01,0.68
359,4,7129228.75,0.67
360,4,7244488.69,0.68
361,4,7258766.2,0.69
362,4,7086736.84,0.67
363,4,7220436.72,0.68
364,4,7191985.15,0.68
365,4,7176789.23,0.68
366,4,7169278.04,0.68
367,4,6962953.52,0.66
368,4,7190876.74,0.68
369,4,7232338.65,0.68
370,4,7234646.34,0.68
371,4,7253410.47,0.69
372,4,7225591.83,0.68
373,4,7200794.63,0.68
374,4,6956604.35,0.66
375,4,7192426.69,0.68
376,4,7165788.56,0.68
377,4,7165192.25,0.68
378,4,7227849.61,0.68
379,4,7258329.06,0.69
380,4,7191372.24,0.68
381,4,7162314.22,0.68
382,4,7171319.59,0.68
383,4,7231595.94,0.68
384,4,7255804.23,0.69
385,4,7235657.47,0.68
386,4,6989628.55,0.66
387,4,7145294.71,0.68
388,4,7246178.1,0.68
389,4,7109599.47,0.67
390,4,7204432.4,0.68
391,4,7259731.84,0.69
392,4,7189006.88,0.68
393,4,7045725.51,0.67
394,4,7226942.26,0.68
395,4,7175355.57,0.68
396,4,6819473.42,0.64
397,4,7182299.75,0.68
398,4,7179529.0,0.68
399,4,7176608.61,0.68
400,4,7234646.34,0.68
401,4,7168407.82,0.68
402,4,7012051.85,0.66
403,4,7226713.96,0.68
404,4,7145569.76,0.68
405,4,7241980.12,0.68
406,4,7240286.34,0.68
407,4,7266459.29,0.69
408,4,7155345.19,0.68
409,4,7126065.74,0.67
410,4,7143725.83,0.68
411,4,7073751.85,0.67
412,4,7029318.69,0.66
413,4,7171319.59,0.68
414,4,7241980.12,0.68
415,4,7188806.03,0.68
416,4,7188178.65,0.68
417,4,7150583.21,0.68
418,4,7152632.05,0.68
419,4,7171319.59,0.68
420,4,7284975.88,0.69
421,4,7199106.08,0.68
422,4,7094338.79,0.67
423,4,6842675.91,0.65
424,4,7238618.4,0.68
425,4,7199937.72,0.68
426,4,7267020.92,0.69
427,4,7263608.56,0.69
428,4,6830736.84,0.65
429,4,7309508.07,0.69
430,4,7225591.83,0.68
431,4,7177094.77,0.68
432,4,7008496.23,0.66
433,4,7013109.18,0.66
434,4,7176608.61,0.68
435,4,7010176.75,0.66
436,4,7051743.7,0.67
437,4,7186497.97,0.68
438,4,7215804.98,0.68
439,4,7175802.79,0.68
440,4,7241133.04,0.68
441,4,7238618.4,0.68
442,4,7276371.11,0.69
443,4,7240286.34,0.68
444,4,7227849.61,0.68
445,4,7292625.36,0.69
446,4,7142927.25,0.68
447,4,7172366.8,0.68
448,4,7038644.85,0.67
449,4,7083359.2,0.67
450,4,7245245.83,0.68
451,4,6923139.93,0.65
452,4,7257796.79,0.69
453,4,7017008.63,0.66
454,4,7207700.11,0.68
455,4,7115258.55,0.67
456,4,7168407.82,0.68
457,4,7155985.57,0.68
458,4,7098933.15,0.67
459,4,7196856.98,0.68
460,4,6827667.72,0.65
461,4,7168407.82,0.68
462,4,7234350.39,0.68
463,4,7121035.08,0.67
464,4,7227849.61,0.68
465,4,7022150.49,0.66
466,4,7206977.62,0.68
467,4,7207632.36,0.68
468,4,7029235.43,0.66
469,4,6936872.87,0.66
470,4,7199316.57,0.68
471,4,7039123.93,0.67
472,4,7157922.86,0.68
473,4,7096972.11,0.67
474,4,7170260.27,0.68
475,4,7168422.36,0.68
476,4,7211815.76,0.68
477,4,7255279.86,0.69
478,4,7258766.2,0.69
479,4,7029259.14,0.66
480,4,7164915.15,0.68
481,4,7027706.51,0.66
482,4,7142171.2,0.68
483,4,7341098.26,0.69
484,4,7304092.54,0.69
485,4,7258766.2,0.69
486,4,7257796.79,0.69
487,4,7111551.3,0.67
488,4,7165192.25,0.68
489,4,7181872.78,0.68
490,4,7123304.42,0.67
491,4,7244105.95,0.68
492,4,6799045.12,0.64
493,4,7001635.4,0.66
494,4,7148342.69,0.68
495,4,6881145.59,0.65
496,4,7304092.54,0.69
497,4,7244931.74,0.68
498,4,6988248.89,0.66
499,4,7165286.06,0.68
500,4,6873775.62,0.65
501,4,7188534.9,0.68
502,4,7135986.24,0.67
503,4,7267020.76,0.69
504,4,7153707.64,0.68
505,4,6843044.07,0.65
506,4,7188534.9,0.68
507,4,7235028.44,0.68
508,4,7112981.34,0.67
509,4,7112981.34,0.67
510,4,7182520.37,0.68
511,4,7173020.01,0.68
512,4,7196856.98,0.68
513,4,7273423.64,0.69
514,4,7227094.22,0.68
515,4,7163863.93,0.68
516,4,7307639.85,0.69
517,4,6998593.1,0.66
518,4,6997535.7,0.66
519,4,7082434.09,0.67
520,4,7095953.39,0.67
521,4,7182444.77,0.68
522,4,7192878.32,0.68
523,4,7134456.12,0.67
524,4,7308544.86,0.69
525,4,7223455.48,0.68
526,4,7257796.79,0.69
527,4,7059516.91,0.67
528,4,7184849.63,0.68
529,4,7135986.24,0.67
530,4,7234646.34,0.68
531,4,7062504.1,0.67
532,4,7195785.2,0.68
533,4,7098960.96,0.67
534,4,7309508.07,0.69
535,4,7044589.01,0.67
536,4,7164750.8,0.68
537,4,7080573.83,0.67
538,4,7220625.72,0.68
539,4,7309508.07,0.69
540,4,7182038.79,0.68
541,4,6923100.81,0.65
542,4,7140204.35,0.67
543,4,7221202.73,0.68
544,4,7285081.39,0.69
545,4,7119434.21,0.67
546,4,7038654.06,0.67
547,4,7266566.44,0.69
548,4,7245041.19,0.68
549,4,7207700.11,0.68
550,4,7117313.1,0.67
551,4,7088263.32,0.67
552,4,7161900.96,0.68
553,4,7225508.55,0.68
554,4,7155985.57,0.68
555,4,6933058.3,0.66
556,4,7217344.09,0.68
557,4,6856296.98,0.65
558,4,7168815.45,0.68
559,4,7142743.94,0.68
560,4,7182239.59,0.68
561,4,7175802.79,0.68
562,4,7188178.65,0.68
563,4,7231050.52,0.68
564,4,7191985.15,0.68
565,4,7276371.11,0.69
566,4,7281746.12,0.69
567,4,7176608.61,0.68
568,4,6933901.67,0.66
569,4,7261224.41,0.69
570,4,7183708.57,0.68
571,4,7259731.84,0.69
572,4,7250240.33,0.69
573,4,7253070.54,0.69
574,4,7080976.13,0.67
575,4,7078768.18,0.67
576,4,7267020.76,0.69
577,4,6782903.15,0.64
578,4,7149866.79,0.68
579,4,7267020.76,0.69
580,4,7204305.58,0.68
581,4,7097306.41,0.67
582,4,7219255.31,0.68
583,4,7240286.34,0.68
584,4,7038260.94,0.67
585,4,7196275.47,0.68
586,4,7269399.71,0.69
587,4,7251063.0,0.69
588,4,7168407.82,0.68
589,4,7142171.2,0.68
590,4,7107215.98,0.67
591,4,7171319.59,0.68
592,4,7262196.93,0.69
593,4,7215409.01,0.68
594,4,7135986.24,0.67
595,4,7285989.82,0.69
596,4,7164322.76,0.68
597,4,7256766.47,0.69
598,4,7226630.27,0.68
599,4,7126065.74,0.67
600,4,7219224.63,0.68
601,4,7295406.54,0.69
602,4,7177476.45,0.68
603,4,7007265.76,0.66
604,4,7184486.47,0.68
605,4,7258766.2,0.69
606,4,7230668.86,0.68
607,4,7171319.59,0.68
608,4,7241980.12,0.68
609,4,7239004.85,0.68
610,4,7168407.82,0.68
611,4,7215409.01,0.68
612,4,7238618.4,0.68
613,4,7227849.61,0.68
614,4,7105855.13,0.67
615,4,7049184.63,0.67
616,4,7203500.91,0.68
617,4,7243884.96,0.68
618,4,7224081.32,0.68
619,4,7258766.2,0.69
620,4,7083989.27,0.67
621,4,7291462.52,0.69
622,4,7154534.9,0.68
623,4,7219773.41,0.68
624,4,7152632.05,0.68
625,4,7240335.55,0.68
626,4,7217851.34,0.68
627,4,7174251.54,0.68
628,4,6968258.47,0.66
629,4,7152774.15,0.68
630,4,7219613.46,0.68
631,4,7136033.03,0.67
632,4,7242551.42,0.68
633,4,7254075.86,0.69
634,4,7280289.68,0.69
635,4,7135006.82,0.67
636,4,7087608.13,0.67
637,4,7218399.91,0.68
638,4,7283036.78,0.69
639,4,7175507.47,0.68
640,4,7018881.06,0.66
641,4,7196006.08,0.68
642,4,7098837.11,0.67
643,4,7107215.98,0.67
644,4,7240211.2,0.68
645,4,7270357.21,0.69
646,4,7165286.06,0.68
647,4,7169649.53,0.68
648,4,7182444.77,0.68
649,4,7096972.11,0.67
650,4,7227849.61,0.68
651,4,7022310.99,0.66
652,4,7170260.27,0.68
653,4,7285989.82,0.69
654,4,7196155.86,0.68
655,4,7348910.18,0.69
656,4,7148805.0,0.68
657,4,7176468.71,0.68
658,4,7202064.95,0.68
659,4,7276175.28,0.69
660,4,6961265.56,0.66
661,4,7189855.61,0.68
662,4,7175509.67,0.68
663,4,7308249.88,0.69
664,4,7215804.98,0.68
665,4,7181872.78,0.68
666,4,7163047.64,0.68
667,4,7231756.31,0.68
668,4,7238390.72,0.68
669,4,7255804.23,0.69
670,4,7121262.11,0.67
671,4,7182038.79,0.68
672,4,7231756.31,0.68
673,4,7112790.06,0.67
674,4,7219255.31,0.68
675,4,7175509.67,0.68
676,4,7273180.71,0.69
677,4,7227849.61,0.68
678,4,7136477.87,0.67
679,4,7152032.51,0.68
680,4,7088263.32,0.67
681,4,7155295.93,0.68
682,4,7152632.05,0.68
683,4,7258766.2,0.69
684,4,7009094.35,0.66
685,4,7155985.57,0.68
686,4,7262090.88,0.69
687,4,6899991.65,0.65
688,4,7189855.61,0.68
689,4,7141444.4,0.68
690,4,7235049.05,0.68
691,4,6784201.5,0.64
692,4,7188178.65,0.68
693,4,7175355.57,0.68
694,4,7241258.72,0.68
695,4,7185938.09,0.68
696,4,7254075.86,0.69
697,4,7199790.83,0.68
698,4,7171319.59,0.68
699,4,7282181.99,0.69
700,4,7168422.36,0.68
701,4,7140144.17,0.67
702,4,7279321.17,0.69
703,4,7161900.96,0.68
704,4,6967549.93,0.66
705,4,6995247.92,0.66
706,4,7006653.76,0.66
707,4,7153337.38,0.68
708,4,7095457.6,0.67
709,4,7192544.71,0.68
710,4,7276371.11,0.69
711,4,7002194.16,0.66
712,4,7159039.32,0.68
713,4,7284975.88,0.69
714,4,7033372.93,0.66
715,4,7186497.97,0.68
716,4,7204305.58,0.68
717,4,7278017.11,0.69
718,4,7259731.84,0.69
719,4,7271156.06,0.69
720,4,6866727.67,0.65
721,4,7304092.54,0.69
722,4,7153337.38,0.68
723,4,7202064.95,0.68
724,4,7199106.08,0.68
725,4,7024763.87,0.66
726,4,7309508.07,0.69
727,4,7211815.76,0.68
728,4,7258766.2,0.69
729,4,7184849.63,0.68
730,4,7119434.21,0.67
731,4,6962332.43,0.66
732,4,7250854.99,0.69
733,4,6899428.72,0.65
734,4,6973175.75,0.66
735,4,7108056.31,0.67
736,4,7168926.55,0.68
737,4,7182444.77,0.68
738,4,7158898.23,0.68
739,4,7201323.42,0.68
740,4,7017266.39,0.66
741,4,7186945.03,0.68
742,4,7157264.42,0.68
743,4,7175360.77,0.68
744,4,7162230.18,0.68
745,4,7226630.27,0.68
746,4,7039208.64,0.67
747,4,7135986.24,0.67
748,4,7089268.23,0.67
749,4,7170336.77,0.68
750,4,7135986.24,0.67
751,4,7227425.45,0.68
752,4,7142644.95,0.68
753,4,7190948.79,0.68
754,4,7003166.03,0.66
755,4,7268593.01,0.69
756,4,7129228.75,0.67
757,4,7044589.01,0.67
758,4,7231578.24,0.68
759,4,7216229.96,0.68
760,4,7228450.91,0.68
761,4,6972202.78,0.66
762,4,7222707.41,0.68
763,4,7267020.92,0.69
764,4,7140853.0,0.68
765,4,7181099.21,0.68
766,4,7229854.44,0.68
767,4,7055281.66,0.67
768,4,7145294.71,0.68
769,4,7161706.97,0.68
770,4,7258766.2,0.69
771,4,7167050.26,0.68
772,4,7149866.79,0.68
773,4,7309508.07,0.69
774,4,7123783.06,0.67
775,4,7263596.49,0.69
776,4,7155985.57,0.68
777,4,7165286.06,0.68
778,4,7157922.86,0.68
779,4,7016760.05,0.66
780,4,7189821.66,0.68
781,4,7092059.93,0.67
782,4,7255804.23,0.69
783,4,7256581.34,0.69
784,4,7240286.34,0.68
785,4,7171062.29,0.68
786,4,7258766.2,0.69
787,4,7235383.37,0.68
788,4,6941917.35,0.66
789,4,7250240.33,0.69
790,4,7166278.75,0.68
791,4,7221037.94,0.68
792,4,7219682.22,0.68
793,4,7102423.79,0.67
794,4,7142644.95,0.68
795,4,7060303.12,0.67
796,4,7231595.94,0.68
797,4,7270671.54,0.69
798,4,7179937.75,0.68
799,4,7241216.43,0.68
800,4,7244896.96,0.68
801,4,7255279.86,0.69
802,4,7240373.72,0.68
803,4,7231578.24,0.68
804,4,7141372.22,0.68
805,4,7304092.54,0.69
806,4,7213121.22,0.68
807,4,7159297.88,0.68
808,4,7308708.84,0.69
809,4,6981351.66,0.66
810,4,7219933.58,0.68
811,4,7251063.0,0.69
812,4,7141372.22,0.68
813,4,7137474.57,0.67
814,4,7309508.07,0.69
815,4,7309508.07,0.69
816,4,6971074.14,0.66
817,4,7290232.82,0.69
818,4,7234646.34,0.68
819,4,7164915.15,0.68
820,4,7143725.83,0.68
821,4,7182930.84,0.68
822,4,6935783.5,0.66
823,4,7284975.88,0.69
824,4,7086736.84,0.67
825,4,7117122.95,0.67
826,4,7028874.87,0.66
827,4,7177688.67,0.68
828,4,7202064.95,0.68
829,4,7196275.47,0.68
830,4,7154315.97,0.68
831,4,6959730.97,0.66
832,4,7135487.45,0.67
833,4,7258966.03,0.69
834,4,7205982.96,0.68
835,4,7283629.93,0.69
836,4,7240286.34,0.68
837,4,7160063.21,0.68
838,4,7240286.34,0.68
839,4,7317998.83,0.69
840,4,7168305.98,0.68
841,4,7273423.64,0.69
842,4,7201600.54,0.68
843,4,6888415.37,0.65
844,4,7140519.89,0.67
845,4,7252874.88,0.69
846,4,7126065.74,0.67
847,4,7055562.34,0.67
848,4,7276371.11,0.69
849,4,7168131.62,0.68
850,4,7240335.55,0.68
851,4,7092381.91,0.67
852,4,7303589.25,0.69
853,4,7248032.92,0.69
854,4,7222249.82,0.68
855,4,7244392.76,0.68
856,4,6937993.23,0.66
857,4,7225508.55,0.68
858,4,7210295.76,0.68
859,4,7162324.28,0.68
860,4,7247640.01,0.69
861,4,7183428.44,0.68
862,4,7079834.91,0.67
863,4,7165698.89,0.68
864,4,7179456.1,0.68
865,4,7168192.78,0.68
866,4,7127204.97,0.67
867,4,7219613.46,0.68
868,4,7231756.31,0.68
869,4,7178964.39,0.68
870,4,7244392.76,0.68
871,4,7264762.35,0.69
872,4,7166967.09,0.68
873,4,7191985.15,0.68
874,4,7161900.96,0.68
875,4,7284453.97,0.69
876,4,7276371.11,0.69
877,4,7179426.56,0.68
878,4,7259731.84,0.69
879,4,7268309.15,0.69
880,4,7244488.69,0.68
881,4,7217444.74,0.68
882,4,7185633.31,0.68
883,4,7154646.99,0.68
884,4,7147690.16,0.68
885,4,7285887.05,0.69
886,4,6867588.35,0.65
887,4,7220031.87,0.68
888,4,7110941.89,0.67
889,4,7189105.52,0.68
890,4,7240286.34,0.68
891,4,7189579.46,0.68
892,4,7198746.74,0.68
893,4,7295577.63,0.69
894,4,7247376.35,0.69
895,4,6915686.35,0.65
896,4,7243884.96,0.68
897,4,7060133.63,0.67
898,4,7245789.92,0.68
899,4,7258037.92,0.69
900,4,7234646.34,0.68
901,4,6975174.23,0.66
902,4,6955236.92,0.66
903,4,7220922.35,0.68
904,4,7205314.23,0.68
905,4,7191985.15,0.68
906,4,7192144.17,0.68
907,4,7196275.47,0.68
908,4,7217344.09,0.68
909,4,7282181.99,0.69
910,4,7142953.59,0.68
911,4,7206977.62,0.68
912,4,7183056.77,0.68
913,4,7190379.7,0.68
914,4,7048726.52,0.67
915,4,7192544.71,0.68
916,4,7227849.61,0.68
917,4,7127769.16,0.67
918,4,7046905.24,0.67
919,4,7304092.54,0.69
920,4,7203699.32,0.68
921,4,6950994.05,0.66
922,4,6992179.06,0.66
923,4,7023372.14,0.66
924,4,7171319.59,0.68
925,4,7227849.61,0.68
926,4,7244488.69,0.68
927,4,7149460.6,0.68
928,4,7219613.46,0.68
929,4,7088612.24,0.67
930,4,7176971.83,0.68
931,4,7227712.41,0.68
932,4,7172366.8,0.68
933,4,7059889.95,0.67
934,4,6916340.78,0.65
935,4,7149460.6,0.68
936,4,7259731.84,0.69
937,4,7303589.25,0.69
938,4,7298354.28,0.69
939,4,7202064.95,0.68
940,4,7131835.3,0.67
941,4,7258766.2,0.69
942,4,7196990.22,0.68
943,4,6960610.49,0.66
944,4,7078983.99,0.67
945,4,7279450.82,0.69
946,4,7227849.61,0.68
947,4,7090896.01,0.67
948,4,7278015.99,0.69
949,4,7147690.16,0.68
950,4,7126005.73,0.67
951,4,7204273.79,0.68
952,4,7188806.03,0.68
953,4,7188178.65,0.68
954,4,7132652.65,0.67
955,4,6930585.35,0.66
956,4,7258766.2,0.69
957,4,7187590.51,0.68
958,4,7240286.34,0.68
959,4,7162324.28,0.68
960,4,7220031.87,0.68
961,4,7284975.88,0.69
962,4,7108008.28,0.67
963,4,7246178.1,0.68
964,4,7227849.61,0.68
965,4,7283629.93,0.69
966,4,7178662.73,0.68
967,4,7196155.86,0.68
968,4,7224485.47,0.68
969,4,7253989.26,0.69
970,4,7106491.98,0.67
971,4,7322112.37,0.69
972,4,7217160.21,0.68
973,4,7255977.16,0.69
974,4,7248032.92,0.69
975,4,7217552.07,0.68
976,4,6926482.51,0.65
977,4,7128918.54,0.67
978,4,7225591.83,0.68
979,4,7219613.46,0.68
980,4,7094420.12,0.67
981,4,7273129.61,0.69
982,4,7266642.12,0.69
983,4,7128597.5,0.67
984,4,7121221.94,0.67
985,4,7176652.47,0.68
986,4,7184227.28,0.68
987,4,7114804.87,0.67
988,4,7161900.96,0.68
989,4,7176789.23,0.68
990,4,7165192.25,0.68
991,4,6991911.44,0.66
992,4,7176608.61,0.68
993,4,7141372.22,0.68
994,4,7284975.88,0.69
995,4,6915432.88,0.65
996,4,7124563.49,0.67
997,4,7191985.15,0.68
998,4,7069596.79,0.67
999,4,7221609.79,0.68
1000,4,7073471.05,0.67
1001,4,7239008.26,0.68
1002,4,7204305.58,0.68
1003,4,7285989.82,0.69
1004,4,7074879.38,0.67
1005,4,7227849.61,0.68
1006,4,7000867.03,0.66
1007,4,7183238.42,0.68
1008,4,7231756.31,0.68
1009,4,7254358.07,0.69
1010,4,7244105.95,0.68
1011,4,7162251.97,0.68
1012,4,7226136.24,0.68
1013,4,7191985.15,0.68
1014,4,7234624.6,0.68
1015,4,7189006.88,0.68
1016,4,6958681.99,0.66
1017,4,7182444.77,0.68
1018,4,7270519.41,0.69
1019,4,6977118.31,0.66
1020,4,7192426.69,0.68
1021,4,7182444.77,0.68
1022,4,7140204.35,0.67
1023,4,7219154.94,0.68
1024,4,7173020.01,0.68
1025,4,7184849.63,0.68
1026,4,7187596.71,0.68
1027,4,7255977.16,0.69
1028,4,7285989.82,0.69
1029,4,7208694.37,0.68
1030,4,7140618.58,0.67
1031,4,7325363.58,0.69
1032,4,7227849.61,0.68
1033,4,7209739.94,0.68
1034,4,7304092.54,0.69
1035,4,7228450.91,0.68
1036,4,7258766.2,0.69
1037,4,7184227.28,0.68
1038,4,7133017.81,0.67
1039,4,7207375.32,0.68
1040,4,7316357.17,0.69
1041,4,7207451.56,0.68
1042,4,7259731.84,0.69
1043,4,7228326.3,0.68
1044,4,7284975.88,0.69
1045,4,7250240.33,0.69
1046,4,7262196.93,0.69
1047,4,7135986.24,0.67
1048,4,7037787.37,0.67
1049,4,7147690.16,0.68
1050,4,7117782.79,0.67
1051,4,7241198.4,0.68
1052,4,7181173.29,0.68
1053,4,7013897.75,0.66
1054,4,7179426.56,0.68
1055,4,6863182.73,0.65
1056,4,7266455.15,0.69
1057,4,7182181.82,0.68
1058,4,7231756.31,0.68
1059,4,7244167.44,0.68
1060,4,7235543.39,0.68
1061,4,7152632.05,0.68
1062,4,7247640.01,0.69
1063,4,7236813.49,0.68
1064,4,7182444.77,0.68
1065,4,7007482.72,0.66
1066,4,7241216.43,0.68
1067,4,7256766.47,0.69
1068,4,7175360.77,0.68
1069,4,7217552.07,0.68
1070,4,7102423.79,0.67
1071,4,6970186.79,0.66
1072,4,7155985.57,0.68
1073,4,6900977.51,0.65
1074,4,7240286.34,0.68
1075,4,7107825.12,0.67
1076,4,7153756.99,0.68
1077,4,7066516.49,0.67
1078,4,7129527.02,0.67
1079,4,7207375.32,0.68
1080,4,7225508.55,0.68
1081,4,6938212.5,0.66
1082,4,6921958.82,0.65
1083,4,6882446.25,0.65
1084,4,7186497.97,0.68
1085,4,7140204.35,0.67
1086,4,7183482.85,0.68
1087,4,7226136.24,0.68
1088,4,7258329.06,0.69
1089,4,7170260.27,0.68
1090,4,7211815.76,0.68
1091,4,7263608.56,0.69
1092,4,7123859.85,0.67
1093,4,7224810.1,0.68
1094,4,7101513.63,0.67
1095,4,7146937.35,0.68
1096,4,7303589.25,0.69
1097,4,7267020.76,0.69
1098,4,7155565.37,0.68
1099,4,7255990.61,0.69
1100,4,7316717.05,0.69
1101,4,7088433.64,0.67
1102,4,7144960.56,0.68
1103,4,7092172.61,0.67
1104,4,7115246.43,0.67
1105,4,7264762.35,0.69
1106,4,7160063.21,0.68
1107,4,7237594.97,0.68
1108,4,7155044.6,0.68
1109,4,7240286.34,0.68
1110,4,7262821.25,0.69
1111,4,7110156.33,0.67
1112,4,7180883.99,0.68
1113,4,7149866.79,0.68
1114,4,7234646.34,0.68
1115,4,7220031.87,0.68
1116,4,7105855.13,0.67
1117,4,7142644.95,0.68
1118,4,7369863.05,0.7
1119,4,7193096.24,0.68
1120,4,7054667.13,0.67
1121,4,6971742.08,0.66
1122,4,7046766.41,0.67
1123,4,7222658.47,0.68
1124,4,7220922.35,0.68
1125,4,6987909.7,0.66
1126,4,7126146.81,0.67
1127,4,7184041.54,0.68
1128,4,6742070.24,0.64
1129,4,7259731.84,0.69
1130,4,7129548.79,0.67
1131,4,7179426.56,0.68
1132,4,7106247.17,0.67
1133,4,7280729.48,0.69
1134,4,7255990.61,0.69
1135,4,7171753.14,0.68
1136,4,7268309.15,0.69
1137,4,7157922.86,0.68
1138,4,7184152.59,0.68
1139,4,7192898.3,0.68
1140,4,7211820.01,0.68
1141,4,7149866.79,0.68
1142,4,7227849.61,0.68
1143,4,7196856.98,0.68
1144,4,7192187.24,0.68
1145,4,7181872.78,0.68
1146,4,7140618.58,0.67
1147,4,7095334.22,0.67
1148,4,7185407.53,0.68
1149,4,6962949.21,0.66
1150,4,7192426.69,0.68
1151,4,7304092.54,0.69
1152,4,7206977.62,0.68
1153,4,7149966.58,0.68
1154,4,7042994.19,0.67
1155,4,7077259.28,0.67
1156,4,7259588.46,0.69
1157,4,7225508.55,0.68
1158,4,7337781.31,0.69
1159,4,7168192.78,0.68
1160,4,7270357.21,0.69
1161,4,6956489.45,0.66
1162,4,7140618.58,0.67
1163,4,7258766.2,0.69
1164,4,7179426.56,0.68
1165,4,7217851.34,0.68
1166,4,7078983.99,0.67
1167,4,7182720.34,0.68
1168,4,7269399.71,0.69
1169,4,7208233.22,0.68
1170,4,7176695.68,0.68
1171,4,7213121.22,0.68
1172,4,7255990.61,0.69
1173,4,7196998.1,0.68
1174,4,7010043.58,0.66
1175,4,7276371.11,0.69
1176,4,7107846.36,0.67
1177,4,6832523.19,0.65
1178,4,7257796.79,0.69
1179,4,7237962.83,0.68
1180,4,7208115.21,0.68
1181,4,7228392.02,0.68
1182,4,7166059.6,0.68
1183,4,7226136.24,0.68
1184,4,7338190.64,0.69
1185,4,7240286.34,0.68
1186,4,7221388.61,0.68
1187,4,6915583.48,0.65
1188,4,7240373.72,0.68
1189,4,7217851.34,0.68
1190,4,7112339.75,0.67
1191,4,7276613.95,0.69
1192,4,7096972.11,0.67
1193,4,7182816.96,0.68
1194,4,7149460.6,0.68
1195,4,7259731.84,0.69
1196,4,7258329.06,0.69
1197,4,7309508.07,0.69
1198,4,7015770.18,0.66
1199,4,7310895.37,0.69
1200,4,7172366.8,0.68
1201,4,7084321.26,0.67
1202,4,7276371.11,0.69
1203,4,7271511.68,0.69
1204,4,7124885.77,0.67
1205,4,7188806.03,0.68
1206,4,7268593.01,0.69
1207,4,7177094.77,0.68
1208,4,6930867.86,0.66
1209,4,7196856.98,0.68
1210,4,7266608.29,0.69
1211,4,6987558.3,0.66
1212,4,7217851.34,0.68
1213,4,7194059.18,0.68
1214,4,7049774.32,0.67
1215,4,7273180.71,0.69
1216,4,6931200.09,0.66
1217,4,7253410.47,0.69
1218,4,7146937.35,0.68
1219,4,6963470.66,0.66
1220,4,7164299.26,0.68
1221,4,7200022.04,0.68
1222,4,7140618.58,0.67
1223,4,7238618.4,0.68
1224,4,7230648.54,0.68
1225,4,7142644.95,0.68
1226,4,7150781.07,0.68
1227,4,7168407.82,0.68
1228,4,7098933.15,0.67
1229,4,7221788.9,0.68
1230,4,7247640.01,0.69
1231,4,7146537.32,0.68
1232,4,7129527.02,0.67
1233,4,7241084.31,0.68
1234,4,7231756.31,0.68
1235,4,7240286.34,0.68
1236,4,7349789.01,0.69
1237,4,6939363.08,0.66
1238,4,7147690.16,0.68
1239,4,7240286.34,0.68
1240,4,7202647.84,0.68
1241,4,7104615.0,0.67
1242,4,6823396.41,0.65
1243,4,6962084.31,0.66
1244,4,7250854.99,0.69
1245,4,7261825.38,0.69
1246,4,7177040.28,0.68
1247,4,7191985.15,0.68
1248,4,7227771.54,0.68
1249,4,7162230.18,0.68
1250,4,7140853.0,0.68
1251,4,7222406.29,0.68
1252,4,7030406.86,0.66
1253,4,7188178.65,0.68
1254,4,7246805.03,0.69
1255,4,6937509.57,0.66
1256,4,7149554.71,0.68
1257,4,7273260.22,0.69
1258,4,7210758.41,0.68
1259,4,7201846.69,0.68
1260,4,7258766.2,0.69
1261,4,7196990.22,0.68
1262,4,7211293.93,0.68
1263,4,7110941.89,0.67
1264,4,7213121.22,0.68
1265,4,7182239.59,0.68
1266,4,7057254.12,0.67
1267,4,7270357.21,0.69
1268,4,7122375.03,0.67
1269,4,7265874.52,0.69
1270,4,7082129.03,0.67
1271,4,7172589.76,0.68
1272,4,7102566.04,0.67
1273,4,7263653.36,0.69
1274,4,7230923.61,0.68
1275,4,7192388.32,0.68
1276,4,7253410.47,0.69
1277,4,7144136.99,0.68
1278,4,7215409.01,0.68
1279,4,7122375.03,0.67
1280,4,7174784.07,0.68
1281,4,7149866.79,0.68
1282,4,6935897.27,0.66
1283,4,7300092.26,0.69
1284,4,7171319.59,0.68
1285,4,7208141.76,0.68
1286,4,7276371.11,0.69
1287,4,7176789.23,0.68
1288,4,6951266.3,0.66
1289,4,7273423.64,0.69
1290,4,7258766.2,0.69
1291,4,7196685.51,0.68
1292,4,7025393.04,0.66
1293,4,7121221.94,0.67
1294,4,7227960.67,0.68
1295,4,7196856.98,0.68
1296,4,7230923.61,0.68
1297,4,7396364.18,0.7
1298,4,7141372.22,0.68
1299,4,7291462.52,0.69
1300,4,7191949.24,0.68
1301,4,7240373.72,0.68
1302,4,7105855.13,0.67
1303,4,7104403.39,0.67
1304,4,7224810.1,0.68
1305,4,7242687.11,0.68
1306,4,7218399.91,0.68
1307,4,7227849.61,0.68
1308,4,7254074.22,0.69
1309,4,7221860.79,0.68
1310,4,7304092.54,0.69
1311,4,7273423.64,0.69
1312,4,7249360.91,0.69
1313,4,7095969.21,0.67
1314,4,6860425.08,0.65
1315,4,7127434.61,0.67
1316,4,7104787.58,0.67
1317,4,7181872.78,0.68
1318,4,7185133.18,0.68
1319,4,7145001.55,0.68
1320,4,7228586.69,0.68
1321,4,7341284.79,0.69
1322,4,7172589.76,0.68
1323,4,7178249.47,0.68
1324,4,7207700.11,0.68
1325,4,6975779.94,0.66
1326,4,7215409.01,0.68
1327,4,7155985.57,0.68
1328,4,7259731.84,0.69
1329,4,7165192.25,0.68
1330,4,7140144.17,0.67
1331,4,7007359.61,0.66
1332,4,7178136.94,0.68
1333,4,7247640.01,0.69
1334,4,7129717.78,0.67
1335,4,7240286.34,0.68
1336,4,7164299.26,0.68
1337,4,7180356.91,0.68
1338,4,7258766.2,0.69
1339,4,7168422.36,0.68
1340,4,7309508.07,0.69
1341,4,7258329.06,0.69
1342,4,7248590.63,0.69
1343,4,7251427.63,0.69
1344,4,7203600.05,0.68
1345,4,7269399.71,0.69
1346,4,7149866.79,0.68
1347,4,7157387.15,0.68
1348,4,7276371.11,0.69
1349,4,7100313.33,0.67
1350,4,7184849.63,0.68
1351,4,7179456.1,0.68
1352,4,7182442.23,0.68
1353,4,7081471.47,0.67
1354,4,7246115.2,0.68
1355,4,7241397.3,0.68
1356,4,7277540.03,0.69
1357,4,7233000.73,0.68
1358,4,7281160.01,0.69
1359,4,7262821.25,0.69
1360,4,7170260.27,0.68
1361,4,7033209.8,0.66
1362,4,7211820.01,0.68
1363,4,7258766.2,0.69
1364,4,7143020.52,0.68
1365,4,7196155.86,0.68
1366,4,7161900.96,0.68
1367,4,7244392.76,0.68
1368,4,7170336.77,0.68
1369,4,6909459.23,0.65
1370,4,7071377.9,0.67
1371,4,7184849.63,0.68
1372,4,7289966.08,0.69
1373,4,6892578.16,0.65
1374,4,7258766.2,0.69
1375,4,7309508.07,0.69
1376,4,7191985.15,0.68
1377,4,7105855.13,0.67
1378,4,7086260.96,0.67
1379,4,7341027.24,0.69
1380,4,7261493.35,0.69
1381,4,7144328.24,0.68
1382,4,7206977.62,0.68
1383,4,7230923.61,0.68
1384,4,7188178.65,0.68
1385,4,7196990.22,0.68
1386,4,7194111.15,0.68
1387,4,6833019.59,0.65
1388,4,7262196.93,0.69
1389,4,7096972.11,0.67
1390,4,7169278.04,0.68
1391,4,6950219.93,0.66
1392,4,7146304.88,0.68
1393,4,7163237.75,0.68
1394,4,7240286.34,0.68
1395,4,7196856.98,0.68
1396,4,7161706.97,0.68
1397,4,7276571.95,0.69
1398,4,7260232.57,0.69
1399,4,7044788.97,0.67
1400,4,7145569.76,0.68
1401,4,7269191.38,0.69
1402,4,7229493.96,0.68
1403,4,7051418.42,0.67
1404,4,7227771.54,0.68
1405,4,6850120.67,0.65
1406,4,7273129.61,0.69
1407,4,6872003.71,0.65
1408,4,6928095.41,0.65
1409,4,7291462.52,0.69
1410,4,7171399.08,0.68
1411,4,7267081.51,0.69
1412,4,7216360.14,0.68
1413,4,7180326.34,0.68
1414,4,7188060.17,0.68
1415,4,7215804.98,0.68
1416,4,7036199.0,0.67
1417,4,7127215.02,0.67
1418,4,7109186.43,0.67
1419,4,7190822.43,0.68
1420,4,7276371.11,0.69
1421,4,7167775.26,0.68
1422,4,7240286.34,0.68
1423,4,7284975.88,0.69
1424,4,7059628.12,0.67
1425,4,6975911.08,0.66
1426,4,6946045.92,0.66
1427,4,7254324.02,0.69
1428,4,7225508.55,0.68
1429,4,7192426.69,0.68
1430,4,6955477.58,0.66
1431,4,7146937.35,0.68
1432,4,7258329.06,0.69
1433,4,7303589.25,0.69
1434,4,7135986.24,0.67
1435,4,7227849.61,0.68
1436,4,7217344.09,0.68
1437,4,7210962.27,0.68
1438,4,6956507.55,0.66
1439,4,7268309.15,0.69
1440,4,7282181.99,0.69
1441,4,7240286.34,0.68
1442,4,7132562.96,0.67
1443,4,7121262.11,0.67
1444,4,7182444.77,0.68
1445,4,7377663.17,0.7
1446,4,7183482.93,0.68
1447,4,7069450.17,0.67
1448,4,7046398.88,0.67
1449,4,7161900.96,0.68
1450,4,7341304.59,0.69
1451,4,7005201.4,0.66
1452,4,6947351.86,0.66
1453,4,7142953.59,0.68
1454,4,7228392.02,0.68
1455,4,7140204.35,0.67
1456,4,7255990.61,0.69
1457,4,7258766.2,0.69
1458,4,7121221.94,0.67
1459,4,7117534.94,0.67
1460,4,7160941.16,0.68
1461,4,7196990.22,0.68
1462,4,7251418.04,0.69
1463,4,7228326.3,0.68
1464,4,7244488.69,0.68
1465,4,6913942.96,0.65
1466,4,7130532.84,0.67
1467,4,6840777.61,0.65
1468,4,6825909.54,0.65
1469,4,7084437.76,0.67
1470,4,7129228.75,0.67
1471,4,6992220.31,0.66
1472,4,7176971.83,0.68
1473,4,7256766.47,0.69
1474,4,7255804.23,0.69
1475,4,7164750.8,0.68
1476,4,7123264.97,0.67
1477,4,7183708.57,0.68
1478,4,7262196.93,0.69
1479,4,7239890.03,0.68
1480,4,7259731.84,0.69
1481,4,7165192.25,0.68
1482,4,6887462.38,0.65
1483,4,7273180.71,0.69
1484,4,7126065.74,0.67
1485,4,7176971.83,0.68
1486,4,7258766.2,0.69
1487,4,7173020.01,0.68
1488,4,7227425.45,0.68
1489,4,7303589.25,0.69
1490,4,7289966.08,0.69
1491,4,7222658.47,0.68
1492,4,7224810.1,0.68
1493,4,7156778.15,0.68
1494,4,7222758.89,0.68
1495,4,7276571.95,0.69
1496,4,7211704.69,0.68
1497,4,7188806.03,0.68
1498,4,7058229.44,0.67
1499,4,7280289.68,0.69
1500,4,7142670.48,0.68
1501,4,7258713.55,0.69
1502,4,7200794.63,0.68
1503,4,7128443.09,0.67
1504,4,7244392.76,0.68
1505,4,7303589.25,0.69
1506,4,7224485.47,0.68
1507,4,7253989.26,0.69
1508,4,7283936.4,0.69
1509,4,6925625.17,0.65
1510,4,6994612.49,0.66
1511,4,7362279.01,0.7
1512,4,7215409.01,0.68
1513,4,7240286.34,0.68
1514,4,7155985.57,0.68
1515,4,7274761.86,0.69
1516,4,7225508.55,0.68
1517,4,7160881.88,0.68
1518,4,7231050.52,0.68
1519,4,7217552.07,0.68
1520,4,6899891.58,0.65
1521,4,7014593.0,0.66
1522,4,7175360.77,0.68
1523,4,7218249.5,0.68
1524,4,7216229.96,0.68
1525,4,7200944.24,0.68
1526,4,6995354.49,0.66
1527,4,7148342.69,0.68
1528,4,7231756.31,0.68
1529,4,7175355.57,0.68
1530,4,7237233.0,0.68
1531,4,7181788.0,0.68
1532,4,6987571.92,0.66
1533,4,7255804.23,0.69
1534,4,7145294.71,0.68
1535,4,7228450.91,0.68
1536,4,7338527.67,0.69
1537,4,7072613.16,0.67
1538,4,7121262.11,0.67
1539,4,7104100.78,0.67
1540,4,7285887.05,0.69
1541,4,7134075.94,0.67
1542,4,7186497.97,0.68
1543,4,6983855.54,0.66
1544,4,7168221.77,0.68
1545,4,7066280.97,0.67
1546,4,7246178.1,0.68
1547,4,7270519.41,0.69
1548,4,7141444.4,0.68
1549,4,7185938.09,0.68
1550,4,7227849.61,0.68
1551,4,7048150.35,0.67
1552,4,7215540.87,0.68
1553,4,7120948.95,0.67
1554,4,7237233.0,0.68
1555,4,6937949.03,0.66
1556,4,7309508.07,0.69
1557,4,7235657.47,0.68
1558,4,7112303.09,0.67
1559,4,7199664.71,0.68
1560,4,7004266.02,0.66
1561,4,7100371.9,0.67
1562,4,7239004.85,0.68
1563,4,7172281.89,0.68
1564,4,7155985.57,0.68
1565,4,7175403.78,0.68
1566,4,7258329.06,0.69
1567,4,7357367.85,0.7
1568,4,7124172.7,0.67
1569,4,7285989.82,0.69
1570,4,7182444.77,0.68
1571,4,7255977.16,0.69
1572,4,7198746.74,0.68
1573,4,7161970.84,0.68
1574,4,7255990.61,0.69
1575,4,7171319.59,0.68
1576,4,7188534.9,0.68
1577,4,7259731.84,0.69
1578,4,7386405.59,0.7
1579,4,7148342.69,0.68
1580,4,7221388.61,0.68
1581,4,7227849.61,0.68
1582,4,7025803.31,0.66
1583,4,7185938.09,0.68
1584,4,7034108.5,0.66
1585,4,6933647.01,0.66
1586,4,7107397.18,0.67
1587,4,7149866.79,0.68
1588,4,7204305.58,0.68
1589,4,7163271.43,0.68
1590,4,6653270.01,0.63
1591,4,7182084.29,0.68
1592,4,7230668.86,0.68
1593,4,7227849.61,0.68
1594,4,7227849.61,0.68
1595,4,7179456.1,0.68
1596,4,7188534.9,0.68
1597,4,7164299.26,0.68
1598,4,7102044.06,0.67
1599,4,6937893.05,0.66
1600,4,7113439.39,0.67
1601,4,7141667.13,0.68
1602,4,7188806.03,0.68
1603,4,7276371.11,0.69
1604,4,6993956.79,0.66
1605,4,7171319.59,0.68
1606,4,7274104.26,0.69
1607,4,7176432.16,0.68
1608,4,7137474.57,0.67
1609,4,7258766.2,0.69
1610,4,7142204.12,0.68
1611,4,7181872.78,0.68
1612,4,7140540.56,0.67
1613,4,7226136.24,0.68
1614,4,7184041.54,0.68
1615,4,7161900.96,0.68
1616,4,7259937.67,0.69
1617,4,7253410.47,0.69
1618,4,7163463.94,0.68
1619,4,7304092.54,0.69
1620,4,7106146.32,0.67
1621,4,7223098.78,0.68
1622,4,7065269.87,0.67
1623,4,7254075.86,0.69
1624,4,7176789.23,0.68
1625,4,7162324.28,0.68
1626,4,7241980.12,0.68
1627,4,7276371.11,0.69
1628,4,7155026.81,0.68
1629,4,7211926.21,0.68
1630,4,7192426.69,0.68
1631,4,7164288.32,0.68
1632,4,6927918.14,0.65
1633,4,6919915.42,0.65
1634,4,7000758.66,0.66
1635,4,6972781.72,0.66
1636,4,7224224.29,0.68
1637,4,6833054.09,0.65
1638,4,7257613.75,0.69
1639,4,7189662.28,0.68
1640,4,6939421.71,0.66
1641,4,7175261.05,0.68
1642,4,7238631.95,0.68
1643,4,7267020.92,0.69
1644,4,7004222.23,0.66
1645,4,7128488.86,0.67
1646,4,7211293.93,0.68
1647,4,7189006.88,0.68
1648,4,7262196.93,0.69
1649,4,7021425.93,0.66
1650,4,7172366.8,0.68
1651,4,7259731.84,0.69
1652,4,7142644.95,0.68
1653,4,7304092.54,0.69
1654,4,7234646.34,0.68
1655,4,7134456.12,0.67
1656,4,7180356.91,0.68
1657,4,7060677.45,0.67
1658,4,7182239.59,0.68
1659,4,7152632.05,0.68
1660,4,7014721.12,0.66
1661,4,7276371.11,0.69
1662,4,7224810.1,0.68
1663,4,7348946.53,0.69
1664,4,7104787.58,0.67
1665,4,6819621.51,0.64
1666,4,7195785.2,0.68
1667,4,7264762.35,0.69
1668,4,7231094.33,0.68
1669,4,7225508.55,0.68
1670,4,7307166.86,0.69
1671,4,7125938.53,0.67
1672,4,7273423.64,0.69
1673,4,7149866.79,0.68
1674,4,7255977.16,0.69
1675,4,7291462.52,0.69
1676,4,6984866.19,0.66
1677,4,7128014.9,0.67
1678,4,7228326.3,0.68
1679,4,7221609.79,0.68
1680,4,6862518.39,0.65
1681,4,6986806.29,0.66
1682,4,7008428.69,0.66
1683,4,7192144.17,0.68
1684,4,7213121.22,0.68
1685,4,7278017.11,0.69
1686,4,7089958.3,0.67
1687,4,7181872.78,0.68
1688,4,7123783.06,0.67
1689,4,7251095.69,0.69
1690,4,7168815.45,0.68
1691,4,7175347.47,0.68
1692,4,7126065.74,0.67
1693,4,7219773.41,0.68
1694,4,7240286.34,0.68
1695,4,7009743.14,0.66
1696,4,7119783.96,0.67
1697,4,7134134.49,0.67
1698,4,7284975.88,0.69
1699,4,7240335.55,0.68
1700,4,7195009.39,0.68
1701,4,7227056.43,0.68
1702,4,7270241.76,0.69
1703,4,7228450.91,0.68
1704,4,7076453.41,0.67
1705,4,7245634.87,0.68
1706,4,7159245.64,0.68
1707,4,7192544.71,0.68
1708,4,7388300.32,0.7
1709,4,7176789.23,0.68
1710,4,6901653.02,0.65
1711,4,7237594.97,0.68
1712,4,7243022.08,0.68
1713,4,6996959.16,0.66
1714,4,6919336.21,0.65
1715,4,6955985.87,0.66
1716,4,7240286.34,0.68
1717,4,7211815.76,0.68
1718,4,7179426.56,0.68
1719,4,7049322.41,0.67
1720,4,7258766.2,0.69
1721,4,7146937.35,0.68
1722,4,7172723.22,0.68
1723,4,7178754.75,0.68
1724,4,7266608.29,0.69
1725,4,7223031.17,0.68
1726,4,7169278.04,0.68
1727,4,7076742.45,0.67
1728,4,7254075.86,0.69
1729,4,7214294.71,0.68
1730,4,7309508.07,0.69
1731,4,7309508.07,0.69
1732,4,7217344.09,0.68
1733,4,7181099.21,0.68
1734,4,7240286.34,0.68
1735,4,7062301.88,0.67
1736,4,7162933.33,0.68
1737,4,7259731.84,0.69
1738,4,7196856.98,0.68
1739,4,6995257.86,0.66
1740,4,7224875.33,0.68
1741,4,6994226.14,0.66
1742,4,7221609.79,0.68
1743,4,7199106.08,0.68
1744,4,7165286.06,0.68
1745,4,7140204.35,0.67
1746,4,7250720.18,0.69
1747,4,7217484.37,0.68
1748,4,7238618.4,0.68
1749,4,7136195.3,0.67
1750,4,7247445.55,0.69
1751,4,7199316.57,0.68
1752,4,7266566.44,0.69
1753,4,7258766.2,0.69
1754,4,7119962.04,0.67
1755,4,7207632.36,0.68
1756,4,7309508.07,0.69
1757,4,7129527.02,0.67
1758,4,6942368.14,0.66
1759,4,7152482.22,0.68
1760,4,6971321.83,0.66
1761,4,7126622.43,0.67
1762,4,7262955.13,0.69
1763,4,7131930.82,0.67
1764,4,7162324.28,0.68
1765,4,7240286.34,0.68
1766,4,7161900.96,0.68
1767,4,7221609.79,0.68
1768,4,7258766.2,0.69
1769,4,7304092.54,0.69
1770,4,7103990.21,0.67
1771,4,7259517.43,0.69
1772,4,7172589.76,0.68
1773,4,7007505.63,0.66
1774,4,7155985.57,0.68
1775,4,7196685.51,0.68
1776,4,7189009.15,0.68
1777,4,7309508.07,0.69
1778,4,7142355.82,0.68
1779,4,7064927.01,0.67
1780,4,7171319.59,0.68
1781,4,7270519.41,0.69
1782,4,7231094.33,0.68
1783,4,7172366.8,0.68
1784,4,7076185.56,0.67
1785,4,6777030.14,0.64
1786,4,7198430.17,0.68
1787,4,7263504.94,0.69
1788,4,7186023.23,0.68
1789,4,7226136.24,0.68
1790,4,6889540.83,0.65
1791,4,7188534.9,0.68
1792,4,7234646.34,0.68
1793,4,7103465.4,0.67
1794,4,7304092.54,0.69
1795,4,7128255.07,0.67
1796,4,7162933.33,0.68
1797,4,7243884.96,0.68
1798,4,7175789.14,0.68
1799,4,7169278.04,0.68
1800,4,7237594.97,0.68
1801,4,7071832.27,0.67
1802,4,7094389.52,0.67
1803,4,6865455.83,0.65
1804,4,7206977.62,0.68
1805,4,7219682.22,0.68
1806,4,7162324.28,0.68
1807,4,6985336.11,0.66
1808,4,7059008.0,0.67
1809,4,7263887.06,0.69
1810,4,7001828.28,0.66
1811,4,7303589.25,0.69
1812,4,7264762.35,0.69
1813,4,7186931.22,0.68
1814,4,7152632.05,0.68
1815,4,7054816.06,0.67
1816,4,7176971.83,0.68
1817,4,7168292.8,0.68
1818,4,7186497.97,0.68
1819,4,7240158.23,0.68
1820,4,7008906.61,0.66
1821,4,7220405.44,0.68
1822,4,7225099.26,0.68
1823,4,7240286.34,0.68
1824,4,7196275.47,0.68
1825,4,7263504.94,0.69
1826,4,7105855.13,0.67
1827,4,7210962.27,0.68
1828,4,7090756.14,0.67
1829,4,7121221.94,0.67
1830,4,7231094.33,0.68
1831,4,7217922.14,0.68
1832,4,7258766.2,0.69
1833,4,7157961.31,0.68
1834,4,7242438.25,0.68
1835,4,7192544.71,0.68
1836,4,6983600.85,0.66
1837,4,7221388.61,0.68
1838,4,7248590.63,0.69
1839,4,7110239.7,0.67
1840,4,7231094.33,0.68
1841,4,7008198.52,0.66
1842,4,7128918.54,0.67
1843,4,7112981.34,0.67
1844,4,7182239.59,0.68
1845,4,7255977.16,0.69
1846,4,7117857.41,0.67
1847,4,6979885.85,0.66
1848,4,6936153.34,0.66
1849,4,7104787.58,0.67
1850,4,7063395.1,0.67
1851,4,7241084.31,0.68
1852,4,7309508.07,0.69
1853,4,7276493.75,0.69
1854,4,7229906.24,0.68
1855,4,7102527.57,0.67
1856,4,7176608.61,0.68
1857,4,7295406.54,0.69
1858,4,7258766.2,0.69
1859,4,7309508.07,0.69
1860,4,7062682.53,0.67
1861,4,7134456.12,0.67
1862,4,7315884.47,0.69
1863,4,7225071.93,0.68
1864,4,7264779.09,0.69
1865,4,7223147.58,0.68
1866,4,7266566.44,0.69
1867,4,7001809.23,0.66
1868,4,7165698.89,0.68
1869,4,7149866.79,0.68
1870,4,7259731.84,0.69
1871,4,7262560.21,0.69
1872,4,7183056.77,0.68
1873,4,6965910.06,0.66
1874,4,7188534.9,0.68
1875,4,7126065.74,0.67
1876,4,7185938.09,0.68
1877,4,7244488.69,0.68
1878,4,7137996.87,0.67
1879,4,7183482.85,0.68
1880,4,7196275.47,0.68
1881,4,7141444.4,0.68
1882,4,7145325.08,0.68
1883,4,7240286.34,0.68
1884,4,7216360.14,0.68
1885,4,7285989.82,0.69
1886,4,6885951.52,0.65
1887,4,7202064.95,0.68
1888,4,7052276.41,0.67
1889,4,7235233.86,0.68
1890,4,7020674.93,0.66
1891,4,7234350.8,0.68
1892,4,7235657.47,0.68
1893,4,7094338.79,0.67
1894,4,7235951.61,0.68
1895,4,7228326.3,0.68
1896,4,6956863.06,0.66
1897,4,7228586.69,0.68
1898,4,7192898.3,0.68
1899,4,7251063.0,0.69
1900,4,7175360.77,0.68
1901,4,7162046.22,0.68
1902,4,6983593.89,0.66
1903,4,7201600.54,0.68
1904,4,7303589.25,0.69
1905,4,7280289.68,0.69
1906,4,7128918.54,0.67
1907,4,7170260.27,0.68
1908,4,7065311.28,0.67
1909,4,6899011.94,0.65
1910,4,7188534.9,0.68
1911,4,7225071.93,0.68
1912,4,7223147.58,0.68
1913,4,7175355.57,0.68
1914,4,7225591.83,0.68
1915,4,7216360.14,0.68
1916,4,7259731.84,0.69
1917,4,7134122.2,0.67
1918,4,7188534.9,0.68
1919,4,7160063.21,0.68
1920,4,7153904.73,0.68
1921,4,7073565.68,0.67
1922,4,7224810.1,0.68
1923,4,7241084.31,0.68
1924,4,7123349.11,0.67
1925,4,7309508.07,0.69
1926,4,7282181.99,0.69
1927,4,7085192.54,0.67
1928,4,7285081.39,0.69
1929,4,7242155.05,0.68
1930,4,7215804.98,0.68
1931,4,7240286.34,0.68
1932,4,7256766.47,0.69
1933,4,7238618.4,0.68
1934,4,7135871.59,0.67
1935,4,7244488.69,0.68
1936,4,7188178.65,0.68
1937,4,7198145.05,0.68
1938,4,7057549.48,0.67
1939,4,7226136.24,0.68
1940,4,7013426.07,0.66
1941,4,7258766.2,0.69
1942,4,7127512.59,0.67
1943,4,6980245.28,0.66
1944,4,7104787.58,0.67
1945,4,7130697.92,0.67
1946,4,7258901.87,0.69
1947,4,6874661.7,0.65
1948,4,7254616.45,0.69
1949,4,7096972.11,0.67
1950,4,7247640.01,0.69
1951,4,6972221.56,0.66
1952,4,7176971.83,0.68
1953,4,7258766.2,0.69
1954,4,7165192.25,0.68
1955,4,7220031.87,0.68
1956,4,7003293.26,0.66
1957,4,7280289.68,0.69
1958,4,7218399.91,0.68
1959,4,7134122.2,0.67
1960,4,7149866.79,0.68
1961,4,6992164.9,0.66
1962,4,7149460.6,0.68
1963,4,7116108.8,0.67
1964,4,7233030.37,0.68
1965,4,7056243.86,0.67
1966,4,7278017.11,0.69
1967,4,6829386.33,0.65
1968,4,7276571.95,0.69
1969,4,6967691.82,0.66
1970,4,7140204.35,0.67
1971,4,7165192.25,0.68
1972,4,7285989.82,0.69
1973,4,7235951.61,0.68
1974,4,7067692.86,0.67
1975,4,7220031.87,0.68
1976,4,7276371.11,0.69
1977,4,7182816.96,0.68
1978,4,7086736.84,0.67
1979,4,7086686.66,0.67
1980,4,7196685.51,0.68
1981,4,7270519.41,0.69
1982,4,7309508.07,0.69
1983,4,7243884.96,0.68
1984,4,7175460.47,0.68
1985,4,7225508.55,0.68
1986,4,7244488.69,0.68
1987,4,7161706.97,0.68
1988,4,7026779.09,0.66
1989,4,7029753.26,0.66
1990,4,7219255.31,0.68
1991,4,7258766.2,0.69
1992,4,7217851.34,0.68
1993,4,7304092.54,0.69
1994,4,7170336.77,0.68
1995,4,7043596.5,0.67
1996,4,6997603.41,0.66
1997,4,7183056.77,0.68
1998,4,6967103.05,0.66
1999,4,7267020.92,0.69
2000,4,7309508.07,0.69
2001,4,6962298.1,0.66
2002,4,7233030.37,0.68
2003,4,7168192.78,0.68
2004,4,7288005.97,0.69
2005,4,6952504.57,0.66
2006,4,7119082.52,0.67
2007,4,7061005.41,0.67
2008,4,7211293.93,0.68
2009,4,6798860.97,0.64
2010,4,7176509.02,0.68
2011,4,7155985.57,0.68
2012,4,7217851.34,0.68
2013,4,6968009.85,0.66
2014,4,6960575.44,0.66
2015,4,7309508.07,0.69
2016,4,7207335.14,0.68
2017,4,7186497.97,0.68
2018,4,7162964.24,0.68
2019,4,7303589.25,0.69
2020,4,7072198.34,0.67
2021,4,7019320.25,0.66
2022,4,7250240.33,0.69
2023,4,7146937.35,0.68
2024,4,7227849.61,0.68
2025,4,6924636.94,0.65
2026,4,7400500.79,0.7
2027,4,7308249.88,0.69
2028,4,7068483.12,0.67
2029,4,7273423.64,0.69
2030,4,7196685.51,0.68
2031,4,7176608.61,0.68
2032,4,7135986.24,0.67
2033,4,7214294.71,0.68
2034,4,6969606.37,0.66
2035,4,7227425.45,0.68
2036,4,7153337.38,0.68
2037,4,7185633.31,0.68
2038,4,7176593.88,0.68
2039,4,7259731.84,0.69
2040,4,7255977.16,0.69
2041,4,7182288.64,0.68
2042,4,7199106.08,0.68
2043,4,7110941.89,0.67
2044,4,7206977.62,0.68
2045,4,7114761.75,0.67
2046,4,7002271.34,0.66
2047,4,7119434.21,0.67
2048,4,7164750.8,0.68
2049,4,7162324.28,0.68
2050,4,7259731.84,0.69
2051,4,7244488.69,0.68
2052,4,7164915.15,0.68
2053,4,7182444.77,0.68
2054,4,7078193.74,0.67
2055,4,7176432.16,0.68
2056,4,7014181.45,0.66
2057,4,7121262.11,0.67
2058,4,7215804.98,0.68
2059,4,7149866.79,0.68
2060,4,7191599.96,0.68
2061,4,6925075.44,0.65
2062,4,7234606.41,0.68
2063,4,7227849.61,0.68
2064,4,7227849.61,0.68
2065,4,7176432.16,0.68
2066,4,7276371.11,0.69
2067,4,7203600.05,0.68
2068,4,7308498.24,0.69
2069,4,7225508.55,0.68
2070,4,7223098.78,0.68
2071,4,7281619.1,0.69
2072,4,7210962.27,0.68
2073,4,7013853.54,0.66
2074,4,7121262.11,0.67
2075,4,6978595.43,0.66
2076,4,7189579.46,0.68
2077,4,7137474.57,0.67
2078,4,7221388.61,0.68
2079,4,7291462.52,0.69
2080,4,6964668.0,0.66
2081,4,7142670.48,0.68
2082,4,7232202.53,0.68
2083,4,7262821.25,0.69
2084,4,7014410.84,0.66
2085,4,6919736.83,0.65
2086,4,7303589.25,0.69
2087,4,7122375.03,0.67
2088,4,7244392.76,0.68
2089,4,7182816.96,0.68
2090,4,7180496.54,0.68
2091,4,7303589.25,0.69
2092,4,7396758.68,0.7
2093,4,7025064.25,0.66
2094,4,7047737.89,0.67
2095,4,7181840.97,0.68
2096,4,7220031.87,0.68
2097,4,7204305.58,0.68
2098,4,6944377.37,0.66
2099,4,6983932.27,0.66
2100,4,7228326.3,0.68
2101,4,7176971.83,0.68
2102,4,7227849.61,0.68
2103,4,7201600.54,0.68
2104,4,7121262.11,0.67
2105,4,7227771.54,0.68
2106,4,7292118.35,0.69
2107,4,7202678.33,0.68
2108,4,7253637.66,0.69
2109,4,6972113.12,0.66
2110,4,7146937.35,0.68
2111,4,7171399.08,0.68
2112,4,7155985.57,0.68
2113,4,7196685.51,0.68
2114,4,7215804.98,0.68
2115,4,7228392.02,0.68
2116,4,7001058.17,0.66
2117,4,7189158.06,0.68
2118,4,7226766.66,0.68
2119,4,7203600.05,0.68
2120,4,7245789.92,0.68
2121,4,7161900.96,0.68
2122,4,7255977.16,0.69
2123,4,7144713.77,0.68
2124,4,6983466.32,0.66
2125,4,7026161.51,0.66
2126,4,7220922.35,0.68
2127,4,6973756.48,0.66
2128,4,6936357.62,0.66
2129,4,7142670.48,0.68
2130,4,7335940.31,0.69
2131,4,7025995.75,0.66
2132,4,7124957.48,0.67
2133,4,7360906.92,0.7
2134,4,7172366.8,0.68
2135,4,7190118.44,0.68
2136,4,7231756.31,0.68
2137,4,7120250.07,0.67
2138,4,7220031.87,0.68
2139,4,7184849.63,0.68
2140,4,7105745.13,0.67
2141,4,7233179.05,0.68
2142,4,7282181.99,0.69
2143,4,7112756.03,0.67
2144,4,7147197.97,0.68
2145,4,7213121.22,0.68
2146,4,7240286.34,0.68
2147,4,7107645.27,0.67
2148,4,7303589.25,0.69
2149,4,7124172.7,0.67
2150,4,7021473.98,0.66
2151,4,6988554.64,0.66
2152,4,7021995.05,0.66
2153,4,7235951.61,0.68
2154,4,7196685.51,0.68
2155,4,7172366.8,0.68
2156,4,7217344.09,0.68
2157,4,7216360.14,0.68
2158,4,7235543.39,0.68
2159,4,7250854.99,0.69
2160,4,6770261.27,0.64
2161,4,7217344.09,0.68
2162,4,7276371.11,0.69
2163,4,7227849.61,0.68
2164,4,7126780.06,0.67
2165,4,7239004.85,0.68
2166,4,6977475.78,0.66
2167,4,7135986.24,0.67
2168,4,7155985.57,0.68
2169,4,7141359.11,0.68
2170,4,7232338.65,0.68
2171,4,7309508.07,0.69
2172,4,6913894.31,0.65
2173,4,7172366.8,0.68
2174,4,7221309.58,0.68
2175,4,7285129.85,0.69
2176,4,7080315.86,0.67
2177,4,7228326.3,0.68
2178,4,7254075.86,0.69
2179,4,7153337.38,0.68
2180,4,7134544.23,0.67
2181,4,6898873.52,0.65
2182,4,7258766.2,0.69
2183,4,7140853.0,0.68
2184,4,7232009.74,0.68
2185,4,6788383.54,0.64
2186,4,7107370.85,0.67
2187,4,7145569.76,0.68
2188,4,7246805.03,0.69
2189,4,7172366.8,0.68
2190,4,6812882.02,0.64
2191,4,6942421.38,0.66
2192,4,7190876.74,0.68
2193,4,6862734.48,0.65
2194,4,7126065.74,0.67
2195,4,7284975.88,0.69
2196,4,7137474.57,0.67
2197,4,7224485.47,0.68
2198,4,7225155.02,0.68
2199,4,7083648.47,0.67
2200,4,7252611.18,0.69
2201,4,7250854.99,0.69
2202,4,7219331.86,0.68
2203,4,7164299.26,0.68
2204,4,7276371.11,0.69
2205,4,7176735.86,0.68
2206,4,7176695.68,0.68
2207,4,7221860.79,0.68
2208,4,7136966.05,0.67
2209,4,7163207.99,0.68
2210,4,7310430.74,0.69
2211,4,7277540.03,0.69
2212,4,7276213.05,0.69
2213,4,7211926.21,0.68
2214,4,7165248.21,0.68
2215,4,7184179.48,0.68
2216,4,7104965.1,0.67
2217,4,7209435.55,0.68
2218,4,7037520.12,0.67
2219,4,7076610.65,0.67
2220,4,7217967.96,0.68
2221,4,7244392.76,0.68
2222,4,7172366.8,0.68
2223,4,7141180.54,0.68
2224,4,7142953.59,0.68
2225,4,6777876.3,0.64
2226,4,7285989.82,0.69
2227,4,7254616.45,0.69
2228,4,7303589.25,0.69
2229,4,7141372.22,0.68
2230,4,7237594.97,0.68
2231,4,7288183.92,0.69
2232,4,7296167.56,0.69
2233,4,7236845.34,0.68
2234,4,7203600.05,0.68
2235,4,7194191.8,0.68
2236,4,7168407.82,0.68
2237,4,7017802.2,0.66
2238,4,7246878.48,0.69
2239,4,7227306.22,0.68
2240,4,7170820.42,0.68
2241,4,7188806.03,0.68
2242,4,7303589.25,0.69
2243,4,6816198.02,0.64
2244,4,7217851.34,0.68
2245,4,7208172.64,0.68
2246,4,7276371.11,0.69
2247,4,7176652.47,0.68
2248,4,7020529.2,0.66
2249,4,7291462.52,0.69
2250,4,7175360.77,0.68
2251,4,7246269.47,0.68
2252,4,7191985.15,0.68
2253,4,7258766.2,0.69
2254,4,7165192.25,0.68
2255,4,7257796.79,0.69
2256,4,7231756.31,0.68
2257,4,7285887.05,0.69
2258,4,7216229.96,0.68
2259,4,7171319.59,0.68
2260,4,7120947.8,0.67
2261,4,7161706.97,0.68
2262,4,7254616.45,0.69
2263,4,7397965.27,0.7
2264,4,7075468.68,0.67
2265,4,7085782.62,0.67
2266,4,6948507.19,0.66
2267,4,7153646.58,0.68
2268,4,7276571.95,0.69
2269,4,7249805.5,0.69
2270,4,7063580.7,0.67
2271,4,7235543.39,0.68
2272,4,7181872.78,0.68
2273,4,7127670.68,0.67
2274,4,7267020.92,0.69
2275,4,7233030.37,0.68
2276,4,6980126.19,0.66
2277,4,7304092.54,0.69
2278,4,7231756.31,0.68
2279,4,7145557.44,0.68
2280,4,7175021.88,0.68
2281,4,7126146.81,0.67
2282,4,7171319.59,0.68
2283,4,7123655.62,0.67
2284,4,7195502.64,0.68
2285,4,7252190.46,0.69
2286,4,7044865.13,0.67
2287,4,7241084.31,0.68
2288,4,7225591.83,0.68
2289,4,7243884.96,0.68
2290,4,7060631.63,0.67
2291,4,7259731.84,0.69
2292,4,7033650.07,0.66
2293,4,7131232.77,0.67
2294,4,7244105.95,0.68
2295,4,7159196.38,0.68
2296,4,7227849.61,0.68
2297,4,7189710.66,0.68
2298,4,7114282.51,0.67
2299,4,7170336.77,0.68
2300,4,7309508.07,0.69
2301,4,6943423.8,0.66
2302,4,7240286.34,0.68
2303,4,7219613.46,0.68
2304,4,7280289.68,0.69
2305,4,7164915.15,0.68
2306,4,7081146.2,0.67
2307,4,7231595.94,0.68
2308,4,7206458.5,0.68
2309,4,7126146.81,0.67
2310,4,7122331.51,0.67
2311,4,7184041.54,0.68
2312,4,7135986.24,0.67
2313,4,7235657.47,0.68
2314,4,6931277.32,0.66
2315,4,7192144.17,0.68
2316,4,6799187.0,0.64
2317,4,7084526.52,0.67
2318,4,7164915.15,0.68
